DATASET,DATUMROUND,TIJD,LINKS,RECHTS
r1_MHV-PSV,ZATERDAG 05-09 | RONDE 1,19:00,MHV.png,PSV.png
r1_WPK-VZV,ZATERDAG 05-09 | RONDE 1,19:00,WPK.png,VZV.png
r1_FORV-VOC,ZATERDAG 05-09 | RONDE 1,19:00,FORV.png,VOC.png
r1_FORE-VEL,ZATERDAG 05-09 | RONDE 1,19:30,FORE.png,VEL.png
r1_QUI-DSVD,ZATERDAG 05-09 | RONDE 1,19:00,QUI.png,DSVD.png
r1_VOL-ENO,ZATERDAG 05-09 | RONDE 1,17:00,VOL.png,ENO.png
r1_SEW-KWI,ZATERDAG 05-09 | RONDE 1,19:00,SEW.png,KWI.png
r2_ENO-MHV,ZATERDAG 12-09 | RONDE 2,19:00,ENO.png,MHV.png
r2_VEL-WPK,ZATERDAG 12-09 | RONDE 2,19:00,VEL.png,WPK.png
r2_DSVD-FORV,ZATERDAG 12-09 | RONDE 2,19:00,DSVD.png,FORV.png
r2_VZV-KWI,ZATERDAG 12-09 | RONDE 2,19:00,VZV.png,KWI.png
r2_VOC-VOL,ZATERDAG 12-09 | RONDE 2,19:00,VOC.png,VOL.png
r2_PSV-FORE,ZATERDAG 12-09 | RONDE 2,21:00,PSV.png,FORE.png
r2_SEW-QUI,ZATERDAG 12-09 | RONDE 2,19:00,SEW.png,QUI.png
r3_WPK-PSV,ZATERDAG 19-09 | RONDE 3,19:00,WPK.png,PSV.png
r3_FORV-SEW,ZATERDAG 19-09 | RONDE 3,19:00,FORV.png,SEW.png
r3_KWI-VEL,ZATERDAG 19-09 | RONDE 3,19:00,KWI.png,VEL.png
r3_FORE-MHV,ZATERDAG 19-09 | RONDE 3,19:45,FORE.png,MHV.png
r3_QUI-VZV,ZATERDAG 19-09 | RONDE 3,19:00,QUI.png,VZV.png
r3_VOC-ENO,ZATERDAG 19-09 | RONDE 3,19:00,VOC.png,ENO.png
r3_VOL-DSVD,ZATERDAG 19-09 | RONDE 3,19:00,VOL.png,DSVD.png
r4_PSV-KWI,WOENSDAG 23-09 | RONDE 4,20:15,PSV.png,KWI.png
r4_VEL-QUI,ZATERDAG 26-09 | RONDE 4,19:00,VEL.png,QUI.png
r5_KWI-MHV,DINSDAG 29-09 | RONDE 5,20:00,KWI.png,MHV.png
r4_ENO-FORE,ZATERDAG 03-10 | RONDE 4,21:00,ENO.png,FORE.png
r4_MHV-WPK,ZATERDAG 03-10 | RONDE 4,19:00,MHV.png,WPK.png
r4_DSVD-VOC,ZATERDAG 03-10 | RONDE 4,19:00,DSVD.png,VOC.png
r4_VZV-FORV,ZATERDAG 03-10 | RONDE 4,19:00,VZV.png,FORV.png
r4_SEW-VOL,ZATERDAG 03-10 | RONDE 4,19:00,SEW.png,VOL.png
r5_FORV-VEL,ZATERDAG 10-10 | RONDE 5,19:00,FORV.png,VEL.png
r5_DSVD-ENO,ZATERDAG 10-10 | RONDE 5,19:00,DSVD.png,ENO.png
r5_FORE-WPK,ZATERDAG 10-10 | RONDE 5,20:45,FORE.png,WPK.png
r5_QUI-PSV,ZATERDAG 10-10 | RONDE 5,19:00,QUI.png,PSV.png
r5_VOC-SEW,ZATERDAG 10-10 | RONDE 5,19:00,VOC.png,SEW.png
r5_VOL-VZV,ZATERDAG 10-10 | RONDE 5,21:00,VOL.png,VZV.png
r6_ENO-WPK,ZATERDAG 17-10 | RONDE 6,20:00,ENO.png,WPK.png
r6_MHV-QUI,ZATERDAG 17-10 | RONDE 6,19:00,MHV.png,QUI.png
r6_VEL-VOL,ZATERDAG 17-10 | RONDE 6,19:00,VEL.png,VOL.png
r6_VZV-VOC,ZATERDAG 17-10 | RONDE 6,19:00,VZV.png,VOC.png
r6_FORE-KWI,ZATERDAG 17-10 | RONDE 6,19:30,FORE.png,KWI.png
r6_PSV-FORV,ZATERDAG 17-10 | RONDE 6,19:30,PSV.png,FORV.png
r6_SEW-DSVD,ZATERDAG 17-10 | RONDE 6,19:00,SEW.png,DSVD.png
r7_FORV-MHV,ZATERDAG 31-10 | RONDE 7,19:00,FORV.png,MHV.png
r7_DSVD-VZV,ZATERDAG 31-10 | RONDE 7,19:00,DSVD.png,VZV.png
r7_KWI-WPK,ZATERDAG 31-10 | RONDE 7,19:00,KWI.png,WPK.png
r7_QUI-FORE,ZATERDAG 31-10 | RONDE 7,19:00,QUI.png,FORE.png
r7_VOC-VEL,ZATERDAG 31-10 | RONDE 7,19:00,VOC.png,VEL.png
r7_VOL-PSV,ZATERDAG 31-10 | RONDE 7,19:00,VOL.png,PSV.png
r7_SEW-ENO,ZATERDAG 31-10 | RONDE 7,19:00,SEW.png,ENO.png
r8_ENO-KWI,ZATERDAG 07-11 | RONDE 8,19:00,ENO.png,KWI.png
r8_MHV-VOL,ZATERDAG 07-11 | RONDE 8,19:00,MHV.png,VOL.png
r8_VEL-DSVD,ZATERDAG 07-11 | RONDE 8,19:00,VEL.png,DSVD.png
r8_VZV-SEW,ZATERDAG 07-11 | RONDE 8,19:00,VZV.png,SEW.png
r8_FORE-FORV,ZATERDAG 07-11 | RONDE 8,20:45,FORE.png,FORV.png
r8_PSV-VOC,ZATERDAG 07-11 | RONDE 8,21:00,PSV.png,VOC.png
r8_WPK-QUI,ZONDAG 08-11 | RONDE 8,14:30,WPK.png,QUI.png
r9_FORV-WPK,ZATERDAG 14-11 | RONDE 9,19:00,FORV.png,WPK.png
r9_DSVD-PSV,ZATERDAG 14-11 | RONDE 9,19:00,DSVD.png,PSV.png
r9_FORE-VOL,ZATERDAG 14-11 | RONDE 9,20:45,FORE.png,VOL.png
r9_QUI-KWI,ZATERDAG 14-11 | RONDE 9,19:00,QUI.png,KWI.png
r9_VOC-MHV,ZATERDAG 14-11 | RONDE 9,19:00,VOC.png,MHV.png
r9_SEW-VEL,ZATERDAG 14-11 | RONDE 9,19:00,SEW.png,VEL.png
r9_VZV-ENO,ZONDAG 15-11 | RONDE 9,13:00,VZV.png,ENO.png
r10_PSV-SEW,ZATERDAG 21-11 | RONDE 10,21:00,PSV.png,SEW.png
r10_ENO-QUI,ZATERDAG 21-11 | RONDE 10,21:00,ENO.png,QUI.png
r10_MHV-DSVD,ZATERDAG 21-11 | RONDE 10,20:30,MHV.png,DSVD.png
r10_WPK-VOL,ZATERDAG 21-11 | RONDE 10,19:00,WPK.png,VOL.png
r10_VEL-VZV,ZATERDAG 21-11 | RONDE 10,19:00,VEL.png,VZV.png
r10_KWI-FORV,ZATERDAG 21-11 | RONDE 10,19:00,KWI.png,FORV.png
r10_FORE-VOC,ZATERDAG 21-11 | RONDE 10,20:45,FORE.png,VOC.png
r11_FORV-QUI,ZATERDAG 28-11 | RONDE 11,19:00,FORV.png,QUI.png
r11_VEL-ENO,ZATERDAG 28-11 | RONDE 11,19:00,VEL.png,ENO.png
r11_DSVD-FORE,ZATERDAG 28-11 | RONDE 11,19:00,DSVD.png,FORE.png
r11_VZV-PSV,ZATERDAG 28-11 | RONDE 11,19:00,VZV.png,PSV.png
r11_VOC-WPK,ZATERDAG 28-11 | RONDE 11,19:00,VOC.png,WPK.png
r11_VOL-KWI,ZATERDAG 28-11 | RONDE 11,19:00,VOL.png,KWI.png
r11_SEW-MHV,ZATERDAG 28-11 | RONDE 11,19:00,SEW.png,MHV.png
r12_PSV-VEL,ZATERDAG 05-12 | RONDE 12,21:00,PSV.png,VEL.png
r12_MHV-VZV,ZATERDAG 05-12 | RONDE 12,20:30,MHV.png,VZV.png
r12_WPK-DSVD,ZATERDAG 05-12 | RONDE 12,19:00,WPK.png,DSVD.png
r12_FORV-ENO,ZATERDAG 05-12 | RONDE 12,19:00,FORV.png,ENO.png
r12_KWI-VOC,ZATERDAG 05-12 | RONDE 12,19:00,KWI.png,VOC.png
r12_QUI-VOL,ZATERDAG 05-12 | RONDE 12,19:00,QUI.png,VOL.png
r12_SEW-FORE,ZATERDAG 05-12 | RONDE 12,19:00,SEW.png,FORE.png
r13_VOL-FORV,DINSDAG 08-12 | RONDE 13,19:15,VOL.png,FORV.png
r14_ENO-VOL,DONDERDAG 10-12 | RONDE 14,20:30,ENO.png,VOL.png
r13_ENO-PSV,ZATERDAG 12-12 | RONDE 13,19:00,ENO.png,PSV.png
r13_VEL-MHV,ZATERDAG 12-12 | RONDE 13,19:00,VEL.png,MHV.png
r13_DSVD-KWI,ZATERDAG 12-12 | RONDE 13,19:00,DSVD.png,KWI.png
r13_VOC-QUI,ZATERDAG 12-12 | RONDE 13,19:00,VOC.png,QUI.png
r13_SEW-WPK,ZATERDAG 12-12 | RONDE 13,19:00,SEW.png,WPK.png
r13_FORE-VZV,ZONDAG 13-12 | RONDE 13,15:00,FORE.png,VZV.png
r14_PSV-MHV,ZATERDAG 19-12 | RONDE 14,21:00,PSV.png,MHV.png
r14_VEL-FORE,ZATERDAG 19-12 | RONDE 14,19:00,VEL.png,FORE.png
r14_DSVD-QUI,ZATERDAG 19-12 | RONDE 14,19:00,DSVD.png,QUI.png
r14_VZV-WPK,ZATERDAG 19-12 | RONDE 14,19:00,VZV.png,WPK.png
r14_KWI-SEW,ZATERDAG 19-12 | RONDE 14,19:00,KWI.png,SEW.png
r14_VOC-FORV,ZATERDAG 19-12 | RONDE 14,19:00,VOC.png,FORV.png
r15_MHV-ENO,ZATERDAG 09-01 | RONDE 15,19:30,MHV.png,ENO.png
r15_FORV-DSVD,ZATERDAG 09-01 | RONDE 15,19:00,FORV.png,DSVD.png
r15_KWI-VZV,ZATERDAG 09-01 | RONDE 15,19:00,KWI.png,VZV.png
r15_FORE-PSV,ZATERDAG 09-01 | RONDE 15,20:45,FORE.png,PSV.png
r15_QUI-SEW,ZATERDAG 09-01 | RONDE 15,19:00,QUI.png,SEW.png
r15_VOL-VOC,ZATERDAG 09-01 | RONDE 15,19:00,VOL.png,VOC.png
r15_WPK-VEL,ZONDAG 10-01 | RONDE 15,14:30,WPK.png,VEL.png
r16_PSV-WPK,ZATERDAG 16-01 | RONDE 16,21:00,PSV.png,WPK.png
r16_ENO-VOC,ZATERDAG 16-01 | RONDE 16,21:00,ENO.png,VOC.png
r16_MHV-FORE,ZATERDAG 16-01 | RONDE 16,20:50,MHV.png,FORE.png
r16_VEL-KWI,ZATERDAG 16-01 | RONDE 16,19:00,VEL.png,KWI.png
r16_DSVD-VOL,ZATERDAG 16-01 | RONDE 16,19:00,DSVD.png,VOL.png
r16_VZV-QUI,ZATERDAG 16-01 | RONDE 16,19:00,VZV.png,QUI.png
r16_SEW-FORV,ZATERDAG 16-01 | RONDE 16,19:00,SEW.png,FORV.png
r17_FORV-VZV,ZATERDAG 23-01 | RONDE 17,19:00,FORV.png,VZV.png
r17_KWI-PSV,ZATERDAG 23-01 | RONDE 17,19:00,KWI.png,PSV.png
r17_FORE-ENO,ZATERDAG 23-01 | RONDE 17,20:45,FORE.png,ENO.png
r17_QUI-VEL,ZATERDAG 23-01 | RONDE 17,19:00,QUI.png,VEL.png
r17_VOC-DSVD,ZATERDAG 23-01 | RONDE 17,19:00,VOC.png,DSVD.png
r17_VOL-SEW,ZATERDAG 23-01 | RONDE 17,19:00,VOL.png,SEW.png
r17_WPK-MHV,ZONDAG 24-01 | RONDE 17,14:30,WPK.png,MHV.png
r18_MHV-KWI,DINSDAG 26-01 | RONDE 18,20:30,MHV.png,KWI.png
r18_WPK-FORE,DINSDAG 26-01 | RONDE 18,20:00,WPK.png,FORE.png
r18_SEW-VOC,DINSDAG 26-01 | RONDE 18,20:00,SEW.png,VOC.png
r18_VZV-VOL,WOENSDAG 27-01 | RONDE 18,20:00,VZV.png,VOL.png
r18_PSV-QUI,WOENSDAG 27-01 | RONDE 18,20:00,PSV.png,QUI.png
r18_ENO-DSVD,DONDERDAG 28-01 | RONDE 18,20:15,ENO.png,DSVD.png
r18_VEL-FORV,DONDERDAG 28-01 | RONDE 18,19:30,VEL.png,FORV.png
r19_WPK-ENO,ZATERDAG 30-01 | RONDE 19,19:00,WPK.png,ENO.png
r19_FORV-PSV,ZATERDAG 30-01 | RONDE 19,19:00,FORV.png,PSV.png
r19_DSVD-SEW,ZATERDAG 30-01 | RONDE 19,19:00,DSVD.png,SEW.png
r19_KWI-FORE,ZATERDAG 30-01 | RONDE 19,19:00,KWI.png,FORE.png
r19_QUI-MHV,ZATERDAG 30-01 | RONDE 19,19:00,QUI.png,MHV.png
r19_VOC-VZV,ZATERDAG 30-01 | RONDE 19,19:00,VOC.png,VZV.png
r19_VOL-VEL,ZATERDAG 30-01 | RONDE 19,19:00,VOL.png,VEL.png
r20_PSV-VOL,ZATERDAG 06-02 | RONDE 20,19:00,PSV.png,VOL.png
r20_ENO-SEW,ZATERDAG 06-02 | RONDE 20,19:00,ENO.png,SEW.png
r20_MHV-FORV,ZATERDAG 06-02 | RONDE 20,19:00,MHV.png,FORV.png
r20_WPK-KWI,ZATERDAG 06-02 | RONDE 20,19:00,WPK.png,KWI.png
r20_VEL-VOC,ZATERDAG 06-02 | RONDE 20,19:00,VEL.png,VOC.png
r20_VZV-DSVD,ZATERDAG 06-02 | RONDE 20,19:00,VZV.png,DSVD.png
r20_FORE-QUI,ZATERDAG 06-02 | RONDE 20,20:45,FORE.png,QUI.png
r21_FORV-FORE,ZATERDAG 13-02 | RONDE 21,19:00,FORV.png,FORE.png
r21_DSVD-VEL,ZATERDAG 13-02 | RONDE 21,19:00,DSVD.png,VEL.png
r21_KWI-ENO,ZATERDAG 13-02 | RONDE 21,19:00,KWI.png,ENO.png
r21_QUI-WPK,ZATERDAG 13-02 | RONDE 21,19:00,QUI.png,WPK.png
r21_VOC-PSV,ZATERDAG 13-02 | RONDE 21,19:00,VOC.png,PSV.png
r21_VOL-MHV,ZATERDAG 13-02 | RONDE 21,19:00,VOL.png,MHV.png
r21_SEW-VZV,ZATERDAG 13-02 | RONDE 21,19:00,SEW.png,VZV.png
r22_PSV-DSVD,ZATERDAG 20-02 | RONDE 22,21:00,PSV.png,DSVD.png
r22_ENO-VZV,ZATERDAG 20-02 | RONDE 22,19:00,ENO.png,VZV.png
r22_MHV-VOC,ZATERDAG 20-02 | RONDE 22,20:45,MHV.png,VOC.png
r22_WPK-FORV,ZATERDAG 20-02 | RONDE 22,19:00,WPK.png,FORV.png
r22_VEL-SEW,ZATERDAG 20-02 | RONDE 22,19:00,VEL.png,SEW.png
r22_KWI-QUI,ZATERDAG 20-02 | RONDE 22,19:00,KWI.png,QUI.png
r22_VOL-FORE,ZATERDAG 20-02 | RONDE 22,19:00,VOL.png,FORE.png
r23_FORV-KWI,ZATERDAG 27-02 | RONDE 23,19:00,FORV.png,KWI.png
r23_DSVD-MHV,ZATERDAG 27-02 | RONDE 23,19:00,DSVD.png,MHV.png
r23_VZV-VEL,ZATERDAG 27-02 | RONDE 23,19:00,VZV.png,VEL.png
r23_QUI-ENO,ZATERDAG 27-02 | RONDE 23,19:00,QUI.png,ENO.png
r23_VOC-FORE,ZATERDAG 27-02 | RONDE 23,19:00,VOC.png,FORE.png
r23_VOL-WPK,ZATERDAG 27-02 | RONDE 23,21:00,VOL.png,WPK.png
r23_SEW-PSV,ZATERDAG 27-02 | RONDE 23,19:00,SEW.png,PSV.png
r24_PSV-VZV,ZATERDAG 13-03 | RONDE 24,21:00,PSV.png,VZV.png
r24_ENO-VEL,ZATERDAG 13-03 | RONDE 24,20:00,ENO.png,VEL.png
r24_MHV-SEW,ZATERDAG 13-03 | RONDE 24,20:30,MHV.png,SEW.png
r24_WPK-VOC,ZATERDAG 13-03 | RONDE 24,19:00,WPK.png,VOC.png
r24_KWI-VOL,ZATERDAG 13-03 | RONDE 24,19:00,KWI.png,VOL.png
r24_FORE-DSVD,ZATERDAG 13-03 | RONDE 24,20:45,FORE.png,DSVD.png
r24_QUI-FORV,ZATERDAG 13-03 | RONDE 24,19:00,QUI.png,FORV.png
r25_ENO-FORV,ZATERDAG 20-03 | RONDE 25,19:00,ENO.png,FORV.png
r25_VEL-PSV,ZATERDAG 20-03 | RONDE 25,19:00,VEL.png,PSV.png
r25_DSVD-WPK,ZATERDAG 20-03 | RONDE 25,19:00,DSVD.png,WPK.png
r25_VZV-MHV,ZATERDAG 20-03 | RONDE 25,19:00,VZV.png,MHV.png
r25_FORE-SEW,ZATERDAG 20-03 | RONDE 25,19:30,FORE.png,SEW.png
r25_VOC-KWI,ZATERDAG 20-03 | RONDE 25,19:00,VOC.png,KWI.png
r25_VOL-QUI,ZATERDAG 20-03 | RONDE 25,19:00,VOL.png,QUI.png
r26_PSV-ENO,ZATERDAG 03-04 | RONDE 26,19:00,PSV.png,ENO.png
r26_MHV-VEL,ZATERDAG 03-04 | RONDE 26,19:00,MHV.png,VEL.png
r26_WPK-SEW,ZATERDAG 03-04 | RONDE 26,19:00,WPK.png,SEW.png
r26_FORV-VOL,ZATERDAG 03-04 | RONDE 26,19:00,FORV.png,VOL.png
r26_VZV-FORE,ZATERDAG 03-04 | RONDE 26,19:00,VZV.png,FORE.png
r26_KWI-DSVD,ZATERDAG 03-04 | RONDE 26,19:00,KWI.png,DSVD.png
r26_QUI-VOC,ZATERDAG 03-04 | RONDE 26,19:00,QUI.png,VOC.png
