DATASET,DATUMROUND,TIJD,LINKS,RECHTS
r1_DFS-SAB,SAT 05-09 | ROUND 1,19:00,DFS.png,SAB.png
r1_HUP-SPR,SAT 05-09 | ROUND 1,20:00,HUP.png,SPR.png
r1_TAC-BEV,SAT 05-09 | ROUND 1,20:00,TAC.png,BEV.png
r1_HCV-VOL,SAT 05-09 | ROUND 1,20:15,HCV.png,VOL.png
r1_HUB-EUP,SAT 05-09 | ROUND 1,20:15,HUB.png,EUP.png
r1_IZE-HVA,SAT 05-09 | ROUND 1,20:15,IZE.png,HVA.png
r1_PEL-BWH,SAT 05-09 | ROUND 1,20:15,PEL.png,BWH.png
r2_HVA-HUB,SAT 12-09 | ROUND 2,16:00,HVA.png,HUB.png
r2_VOL-TAC,SAT 12-09 | ROUND 2,19:00,VOL.png,TAC.png
r2_HUP-HCV,SAT 12-09 | ROUND 2,20:00,HUP.png,HCV.png
r2_BEV-PEL,SAT 12-09 | ROUND 2,20:15,BEV.png,PEL.png
r2_BWH-DFS,SAT 12-09 | ROUND 2,20:15,BWH.png,DFS.png
r2_EUP-SPR,SAT 12-09 | ROUND 2,20:15,EUP.png,SPR.png
r2_SAB-IZE,SAT 12-09 | ROUND 2,20:15,SAB.png,IZE.png
r3_DFS-BEV,SAT 19-09 | ROUND 3,19:00,DFS.png,BEV.png
r3_HUP-VOL,SAT 19-09 | ROUND 3,20:00,HUP.png,VOL.png
r3_HCV-EUP,SAT 19-09 | ROUND 3,20:15,HCV.png,EUP.png
r3_HUB-SAB,SAT 19-09 | ROUND 3,20:15,HUB.png,SAB.png
r3_IZE-BWH,SAT 19-09 | ROUND 3,20:15,IZE.png,BWH.png
r3_PEL-TAC,SAT 19-09 | ROUND 3,20:15,PEL.png,TAC.png
r3_SPR-HVA,SUN 20-09 | ROUND 3,16:00,SPR.png,HVA.png
r4_BWH-HUB,SAT 26-09 | ROUND 4,19:00,BWH.png,HUB.png
r4_HVA-HCV,SAT 26-09 | ROUND 4,19:00,HVA.png,HCV.png
r4_HUP-EUP,SAT 26-09 | ROUND 4,20:00,HUP.png,EUP.png
r4_TAC-DFS,SAT 26-09 | ROUND 4,20:00,TAC.png,DFS.png
r4_BEV-IZE,SAT 26-09 | ROUND 4,20:15,BEV.png,IZE.png
r4_SAB-SPR,SAT 26-09 | ROUND 4,20:15,SAB.png,SPR.png
r4_VOL-PEL,SUN 27-09 | ROUND 4,14:00,VOL.png,PEL.png
r5_HUP-HVA,SAT 03-10 | ROUND 5,19:00,HUP.png,HVA.png
r5_EUP-VOL,SAT 03-10 | ROUND 5,20:15,EUP.png,VOL.png
r5_HCV-SAB,SAT 03-10 | ROUND 5,20:15,HCV.png,SAB.png
r5_HUB-BEV,SAT 03-10 | ROUND 5,20:15,HUB.png,BEV.png
r5_IZE-TAC,SAT 03-10 | ROUND 5,20:15,IZE.png,TAC.png
r5_PEL-DFS,SAT 03-10 | ROUND 5,20:15,PEL.png,DFS.png
r5_SPR-BWH,SUN 04-10 | ROUND 5,14:00,SPR.png,BWH.png
r6_BWH-HCV,SAT 10-10 | ROUND 6,19:00,BWH.png,HCV.png
r6_VOL-DFS,SAT 10-10 | ROUND 6,19:00,VOL.png,DFS.png
r6_TAC-HUB,SAT 10-10 | ROUND 6,20:00,TAC.png,HUB.png
r6_BEV-SPR,SAT 10-10 | ROUND 6,20:15,BEV.png,SPR.png
r6_PEL-IZE,SAT 10-10 | ROUND 6,20:15,PEL.png,IZE.png
r6_HVA-EUP,SUN 11-10 | ROUND 6,15:00,HVA.png,EUP.png
r6_SAB-HUP,SUN 11-10 | ROUND 6,15:30,SAB.png,HUP.png
r7_HVA-VOL,SAT 17-10 | ROUND 7,19:00,HVA.png,VOL.png
r7_HUP-BWH,SAT 17-10 | ROUND 7,20:00,HUP.png,BWH.png
r7_EUP-SAB,SAT 17-10 | ROUND 7,20:15,EUP.png,SAB.png
r7_HCV-BEV,SAT 17-10 | ROUND 7,20:15,HCV.png,BEV.png
r7_HUB-PEL,SAT 17-10 | ROUND 7,20:15,HUB.png,PEL.png
r7_IZE-DFS,SAT 17-10 | ROUND 7,20:15,IZE.png,DFS.png
r7_SPR-TAC,SUN 18-10 | ROUND 7,16:00,SPR.png,TAC.png
r8_DFS-HUB,SAT 24-10 | ROUND 8,19:00,DFS.png,HUB.png
r8_TAC-HCV,SAT 24-10 | ROUND 8,20:00,TAC.png,HCV.png
r8_BEV-HUP,SAT 24-10 | ROUND 8,20:15,BEV.png,HUP.png
r8_BWH-EUP,SAT 24-10 | ROUND 8,20:15,BWH.png,EUP.png
r8_PEL-SPR,SAT 24-10 | ROUND 8,20:15,PEL.png,SPR.png
r8_SAB-HVA,SAT 24-10 | ROUND 8,20:15,SAB.png,HVA.png
r8_VOL-IZE,SUN 25-10 | ROUND 8,14:00,VOL.png,IZE.png
r9_HVA-BWH,SAT 31-10 | ROUND 9,19:00,HVA.png,BWH.png
r9_DFS-SPR,SAT 31-10 | ROUND 9,20:00,DFS.png,SPR.png
r9_HUP-TAC,SAT 31-10 | ROUND 9,20:00,HUP.png,TAC.png
r9_EUP-BEV,SAT 31-10 | ROUND 9,20:15,EUP.png,BEV.png
r9_HCV-PEL,SAT 31-10 | ROUND 9,20:15,HCV.png,PEL.png
r9_HUB-IZE,SAT 31-10 | ROUND 9,20:15,HUB.png,IZE.png
r9_SAB-VOL,SAT 31-10 | ROUND 9,20:15,SAB.png,VOL.png
r10_DFS-HCV,SAT 14-11 | ROUND 10,19:00,DFS.png,HCV.png
r10_TAC-EUP,SAT 14-11 | ROUND 10,20:00,TAC.png,EUP.png
r10_BEV-HVA,SAT 14-11 | ROUND 10,20:15,BEV.png,HVA.png
r10_HUB-VOL,SAT 14-11 | ROUND 10,20:15,HUB.png,VOL.png
r10_IZE-SPR,SAT 14-11 | ROUND 10,20:15,IZE.png,SPR.png
r10_PEL-HUP,SAT 14-11 | ROUND 10,20:15,PEL.png,HUP.png
r10_BWH-SAB,SAT 14-11 | ROUND 10,20:30,BWH.png,SAB.png
r11_HVA-TAC,TUE 17-11 | ROUND 11,19:00,HVA.png,TAC.png
r11_HUP-DFS,TUE 17-11 | ROUND 11,20:00,HUP.png,DFS.png
r11_EUP-PEL,WED 18-11 | ROUND 11,20:15,EUP.png,PEL.png
r11_HCV-IZE,WED 18-11 | ROUND 11,20:15,HCV.png,IZE.png
r11_SAB-BEV,WED 18-11 | ROUND 11,20:15,SAB.png,BEV.png
r11_BWH-VOL,THU 19-11 | ROUND 11,20:00,BWH.png,VOL.png
r11_SPR-HUB,THU 19-11 | ROUND 11,20:30,SPR.png,HUB.png
r12_SPR-VOL,SAT 21-11 | ROUND 12,18:00,SPR.png,VOL.png
r12_DFS-EUP,SAT 21-11 | ROUND 12,19:00,DFS.png,EUP.png
r12_HUP-IZE,SAT 21-11 | ROUND 12,19:00,HUP.png,IZE.png
r12_TAC-SAB,SAT 21-11 | ROUND 12,20:00,TAC.png,SAB.png
r12_BEV-BWH,SAT 21-11 | ROUND 12,20:15,BEV.png,BWH.png
r12_HUB-HCV,SAT 21-11 | ROUND 12,20:15,HUB.png,HCV.png
r12_PEL-HVA,SAT 21-11 | ROUND 12,20:15,PEL.png,HVA.png
r13_HUP-HUB,SAT 28-11 | ROUND 13,19:00,HUP.png,HUB.png
r13_HVA-DFS,SAT 28-11 | ROUND 13,19:00,HVA.png,DFS.png
r13_BWH-TAC,SAT 28-11 | ROUND 13,20:15,BWH.png,TAC.png
r13_EUP-IZE,SAT 28-11 | ROUND 13,20:15,EUP.png,IZE.png
r13_HCV-SPR,SAT 28-11 | ROUND 13,20:15,HCV.png,SPR.png
r13_SAB-PEL,SAT 28-11 | ROUND 13,20:15,SAB.png,PEL.png
r13_VOL-BEV,SUN 29-11 | ROUND 13,14:00,VOL.png,BEV.png
r14_SPR-HUP,SAT 05-12 | ROUND 14,18:00,SPR.png,HUP.png
r14_BWH-PEL,SAT 05-12 | ROUND 14,19:00,BWH.png,PEL.png
r14_HVA-IZE,SAT 05-12 | ROUND 14,19:00,HVA.png,IZE.png
r14_BEV-TAC,SAT 05-12 | ROUND 14,20:15,BEV.png,TAC.png
r14_EUP-HUB,SAT 05-12 | ROUND 14,20:15,EUP.png,HUB.png
r14_SAB-DFS,SAT 05-12 | ROUND 14,20:15,SAB.png,DFS.png
r14_VOL-HCV,SUN 06-12 | ROUND 14,14:00,VOL.png,HCV.png
r15_DFS-BWH,SAT 12-12 | ROUND 15,19:00,DFS.png,BWH.png
r15_TAC-VOL,SAT 12-12 | ROUND 15,20:00,TAC.png,VOL.png
r15_HCV-HUP,SAT 12-12 | ROUND 15,20:15,HCV.png,HUP.png
r15_HUB-HVA,SAT 12-12 | ROUND 15,20:15,HUB.png,HVA.png
r15_IZE-SAB,SAT 12-12 | ROUND 15,20:15,IZE.png,SAB.png
r15_PEL-BEV,SAT 12-12 | ROUND 15,20:15,PEL.png,BEV.png
r15_SPR-EUP,SUN 13-12 | ROUND 15,16:00,SPR.png,EUP.png
r16_HVA-SPR,SAT 19-12 | ROUND 16,19:00,HVA.png,SPR.png
r16_VOL-HUP,SAT 19-12 | ROUND 16,19:00,VOL.png,HUP.png
r16_TAC-PEL,SAT 19-12 | ROUND 16,20:00,TAC.png,PEL.png
r16_BEV-DFS,SAT 19-12 | ROUND 16,20:15,BEV.png,DFS.png
r16_BWH-IZE,SAT 19-12 | ROUND 16,20:15,BWH.png,IZE.png
r16_EUP-HCV,SAT 19-12 | ROUND 16,20:15,EUP.png,HCV.png
r16_SAB-HUB,SAT 19-12 | ROUND 16,20:15,SAB.png,HUB.png
r17_SPR-SAB,SAT 06-02 | ROUND 17,18:00,SPR.png,SAB.png
r17_DFS-TAC,SAT 06-02 | ROUND 17,19:00,DFS.png,TAC.png
r17_EUP-HUP,SAT 06-02 | ROUND 17,20:15,EUP.png,HUP.png
r17_HCV-HVA,SAT 06-02 | ROUND 17,20:15,HCV.png,HVA.png
r17_HUB-BWH,SAT 06-02 | ROUND 17,20:15,HUB.png,BWH.png
r17_IZE-BEV,SAT 06-02 | ROUND 17,20:15,IZE.png,BEV.png
r17_PEL-VOL,SAT 06-02 | ROUND 17,20:15,PEL.png,VOL.png
r18_DFS-PEL,SAT 13-02 | ROUND 18,19:00,DFS.png,PEL.png
r18_HVA-HUP,SAT 13-02 | ROUND 18,19:00,HVA.png,HUP.png
r18_BWH-SPR,SAT 13-02 | ROUND 18,20:00,BWH.png,SPR.png
r18_TAC-IZE,SAT 13-02 | ROUND 18,20:00,TAC.png,IZE.png
r18_BEV-HUB,SAT 13-02 | ROUND 18,20:15,BEV.png,HUB.png
r18_SAB-HCV,SAT 13-02 | ROUND 18,20:15,SAB.png,HCV.png
r18_VOL-EUP,SUN 14-02 | ROUND 18,14:00,VOL.png,EUP.png
r19_SPR-BEV,SAT 20-02 | ROUND 19,18:00,SPR.png,BEV.png
r19_DFS-VOL,SAT 20-02 | ROUND 19,19:00,DFS.png,VOL.png
r19_HUP-SAB,SAT 20-02 | ROUND 19,19:00,HUP.png,SAB.png
r19_EUP-HVA,SAT 20-02 | ROUND 19,20:15,EUP.png,HVA.png
r19_HCV-BWH,SAT 20-02 | ROUND 19,20:15,HCV.png,BWH.png
r19_HUB-TAC,SAT 20-02 | ROUND 19,20:15,HUB.png,TAC.png
r19_IZE-PEL,SAT 20-02 | ROUND 19,20:15,IZE.png,PEL.png
r20_PEL-HUB,SAT 27-02 | ROUND 20,18:00,PEL.png,HUB.png
r20_BWH-HUP,SAT 27-02 | ROUND 20,19:00,BWH.png,HUP.png
r20_DFS-IZE,SAT 27-02 | ROUND 20,19:00,DFS.png,IZE.png
r20_VOL-HVA,SAT 27-02 | ROUND 20,19:00,VOL.png,HVA.png
r20_TAC-SPR,SAT 27-02 | ROUND 20,20:00,TAC.png,SPR.png
r20_BEV-HCV,SAT 27-02 | ROUND 20,20:15,BEV.png,HCV.png
r20_SAB-EUP,SAT 27-02 | ROUND 20,20:15,SAB.png,EUP.png
r21_SPR-PEL,SAT 06-03 | ROUND 21,18:00,SPR.png,PEL.png
r21_HVA-SAB,SAT 06-03 | ROUND 21,19:00,HVA.png,SAB.png
r21_HUP-BEV,SAT 06-03 | ROUND 21,20:00,HUP.png,BEV.png
r21_EUP-BWH,SAT 06-03 | ROUND 21,20:15,EUP.png,BWH.png
r21_HCV-TAC,SAT 06-03 | ROUND 21,20:15,HCV.png,TAC.png
r21_HUB-DFS,SAT 06-03 | ROUND 21,20:15,HUB.png,DFS.png
r21_IZE-VOL,SAT 06-03 | ROUND 21,20:15,IZE.png,VOL.png
r22_SPR-DFS,SAT 20-03 | ROUND 22,18:00,SPR.png,DFS.png
r22_TAC-HUP,SAT 20-03 | ROUND 22,20:00,TAC.png,HUP.png
r22_BEV-EUP,SAT 20-03 | ROUND 22,20:15,BEV.png,EUP.png
r22_IZE-HUB,SAT 20-03 | ROUND 22,20:15,IZE.png,HUB.png
r22_PEL-HCV,SAT 20-03 | ROUND 22,20:15,PEL.png,HCV.png
r22_BWH-HVA,SAT 20-03 | ROUND 22,20:30,BWH.png,HVA.png
r22_VOL-SAB,SUN 21-03 | ROUND 22,14:00,VOL.png,SAB.png
r23_SPR-IZE,SAT 03-04 | ROUND 23,18:00,SPR.png,IZE.png
r23_HUP-PEL,SAT 03-04 | ROUND 23,19:00,HUP.png,PEL.png
r23_HVA-BEV,SAT 03-04 | ROUND 23,19:00,HVA.png,BEV.png
r23_VOL-HUB,SAT 03-04 | ROUND 23,19:00,VOL.png,HUB.png
r23_EUP-TAC,SAT 03-04 | ROUND 23,20:15,EUP.png,TAC.png
r23_HCV-DFS,SAT 03-04 | ROUND 23,20:15,HCV.png,DFS.png
r23_SAB-BWH,SAT 03-04 | ROUND 23,20:15,SAB.png,BWH.png
r24_DFS-HUP,TUE 06-04 | ROUND 24,21:00,DFS.png,HUP.png
r24_VOL-BWH,WED 07-04 | ROUND 24,19:30,VOL.png,BWH.png
r24_IZE-HCV,WED 07-04 | ROUND 24,20:00,IZE.png,HCV.png
r24_PEL-EUP,WED 07-04 | ROUND 24,20:00,PEL.png,EUP.png
r24_TAC-HVA,WED 07-04 | ROUND 24,20:00,TAC.png,HVA.png
r24_BEV-SAB,WED 07-04 | ROUND 24,20:15,BEV.png,SAB.png
r24_HUB-SPR,WED 07-04 | ROUND 24,20:15,HUB.png,SPR.png
r25_BWH-BEV,SAT 10-04 | ROUND 25,20:00,BWH.png,BEV.png
r25_EUP-DFS,SAT 10-04 | ROUND 25,20:00,EUP.png,DFS.png
r25_HCV-HUB,SAT 10-04 | ROUND 25,20:00,HCV.png,HUB.png
r25_HVA-PEL,SAT 10-04 | ROUND 25,20:00,HVA.png,PEL.png
r25_IZE-HUP,SAT 10-04 | ROUND 25,20:00,IZE.png,HUP.png
r25_SAB-TAC,SAT 10-04 | ROUND 25,20:00,SAB.png,TAC.png
r25_VOL-SPR,SAT 10-04 | ROUND 25,20:00,VOL.png,SPR.png
r26_BEV-VOL,SAT 17-04 | ROUND 26,20:00,BEV.png,VOL.png
r26_DFS-HVA,SAT 17-04 | ROUND 26,20:00,DFS.png,HVA.png
r26_HUB-HUP,SAT 17-04 | ROUND 26,20:00,HUB.png,HUP.png
r26_IZE-EUP,SAT 17-04 | ROUND 26,20:00,IZE.png,EUP.png
r26_PEL-SAB,SAT 17-04 | ROUND 26,20:00,PEL.png,SAB.png
r26_SPR-HCV,SAT 17-04 | ROUND 26,20:00,SPR.png,HCV.png
r26_TAC-BWH,SAT 17-04 | ROUND 26,20:00,TAC.png,BWH.png
